INSERT INTO categories (id, created_at, updated_at, name) VALUES
                                                              (1,  '2026-02-10 09:00:00', '2026-02-10 09:00:00', 'Technology'),
                                                              (2,  '2026-02-10 09:00:00', '2026-02-10 09:00:00', 'Gaming'),
                                                              (3,  '2026-02-10 09:00:00', '2026-02-10 09:00:00', 'Beauty'),
                                                              (4,  '2026-02-10 09:00:00', '2026-02-10 09:00:00', 'Fitness'),
                                                              (5,  '2026-02-10 09:00:00', '2026-02-10 09:00:00', 'Food & Cooking'),
                                                              (6,  '2026-02-10 09:00:00', '2026-02-10 09:00:00', 'Travel'),
                                                              (7,  '2026-02-10 09:00:00', '2026-02-10 09:00:00', 'Education'),
                                                              (8,  '2026-02-10 09:00:00', '2026-02-10 09:00:00', 'Finance'),
                                                              (9,  '2026-02-10 09:00:00', '2026-02-10 09:00:00', 'Lifestyle'),
                                                              (10, '2026-02-10 09:00:00', '2026-02-10 09:00:00', 'Fashion'),
                                                              (11, '2026-02-10 09:00:00', '2026-02-10 09:00:00', 'Automotive'),
                                                              (12, '2026-02-10 09:00:00', '2026-02-10 09:00:00', 'Entertainment');

INSERT INTO countries (id, created_at, updated_at, name, code) VALUES
                                                                   (1,  '2026-02-10 09:05:00', '2026-02-10 09:05:00', 'Kazakhstan', 'KZ'),
                                                                   (2,  '2026-02-10 09:05:00', '2026-02-10 09:05:00', 'United States', 'US'),
                                                                   (3,  '2026-02-10 09:05:00', '2026-02-10 09:05:00', 'United Kingdom', 'GB'),
                                                                   (4,  '2026-02-10 09:05:00', '2026-02-10 09:05:00', 'Germany', 'DE'),
                                                                   (5,  '2026-02-10 09:05:00', '2026-02-10 09:05:00', 'France', 'FR'),
                                                                   (6,  '2026-02-10 09:05:00', '2026-02-10 09:05:00', 'Turkey', 'TR'),
                                                                   (7,  '2026-02-10 09:05:00', '2026-02-10 09:05:00', 'United Arab Emirates', 'AE'),
                                                                   (8,  '2026-02-10 09:05:00', '2026-02-10 09:05:00', 'India', 'IN'),
                                                                   (9,  '2026-02-10 09:05:00', '2026-02-10 09:05:00', 'Japan', 'JP'),
                                                                   (10, '2026-02-10 09:05:00', '2026-02-10 09:05:00', 'South Korea', 'KR');

INSERT INTO industries (id, created_at, updated_at, name) VALUES
                                                              (1,  '2026-02-10 09:10:00', '2026-02-10 09:10:00', 'E-commerce'),
                                                              (2,  '2026-02-10 09:10:00', '2026-02-10 09:10:00', 'FinTech'),
                                                              (3,  '2026-02-10 09:10:00', '2026-02-10 09:10:00', 'EdTech'),
                                                              (4,  '2026-02-10 09:10:00', '2026-02-10 09:10:00', 'Health & Wellness'),
                                                              (5,  '2026-02-10 09:10:00', '2026-02-10 09:10:00', 'Food & Beverage'),
                                                              (6,  '2026-02-10 09:10:00', '2026-02-10 09:10:00', 'Travel & Hospitality'),
                                                              (7,  '2026-02-10 09:10:00', '2026-02-10 09:10:00', 'Gaming & Esports'),
                                                              (8,  '2026-02-10 09:10:00', '2026-02-10 09:10:00', 'Consumer Electronics'),
                                                              (9,  '2026-02-10 09:10:00', '2026-02-10 09:10:00', 'Fashion Retail'),
                                                              (10, '2026-02-10 09:10:00', '2026-02-10 09:10:00', 'Automotive Services');

INSERT INTO users (id, created_at, updated_at, email, password, role, status) VALUES
                                                                                  (1,  '2026-02-12 10:00:00', '2026-02-12 10:00:00', 'admin@admarket.test',        '$2b$12$BFJ0MYp9AeT6VfB7mVFLquNOwCpnMqfRHpGlyJaoHqiC.AhyTvUi6', 'ADMIN',   'ACTIVE'),
                                                                                  (2,  '2026-02-12 10:05:00', '2026-02-12 10:05:00', 'acme@company.test',          '$2b$12$7NJdWLz/mhdx15vS.yOMZe7HUNxxNezZLvlhvzGaql1fZWr6xjmmC', 'COMPANY', 'ACTIVE'),
                                                                                  (3,  '2026-02-12 10:06:00', '2026-02-12 10:06:00', 'aurora@company.test',        '$2b$12$7NJdWLz/mhdx15vS.yOMZe7HUNxxNezZLvlhvzGaql1fZWr6xjmmC', 'COMPANY', 'ACTIVE'),
                                                                                  (4,  '2026-02-12 10:07:00', '2026-02-12 10:07:00', 'nomad@company.test',         '$2b$12$7NJdWLz/mhdx15vS.yOMZe7HUNxxNezZLvlhvzGaql1fZWr6xjmmC', 'COMPANY', 'ACTIVE'),
                                                                                  (5,  '2026-02-12 10:08:00', '2026-02-12 10:08:00', 'greenfit@company.test',      '$2b$12$7NJdWLz/mhdx15vS.yOMZe7HUNxxNezZLvlhvzGaql1fZWr6xjmmC', 'COMPANY', 'ACTIVE'),
                                                                                  (6,  '2026-02-12 10:09:00', '2026-02-12 10:09:00', 'bytebank@company.test',      '$2b$12$7NJdWLz/mhdx15vS.yOMZe7HUNxxNezZLvlhvzGaql1fZWr6xjmmC', 'COMPANY', 'ACTIVE'),
                                                                                  (7,  '2026-02-12 10:10:00', '2026-02-12 10:10:00', 'zenbeauty@company.test',     '$2b$12$7NJdWLz/mhdx15vS.yOMZe7HUNxxNezZLvlhvzGaql1fZWr6xjmmC', 'COMPANY', 'ACTIVE'),
                                                                                  (8,  '2026-02-12 10:20:00', '2026-02-12 10:20:00', 'creator.alina@test',         '$2b$12$/WM3jWwIBxB6SVZEyw7drOwVH7tM1mvIna5hxpy61e/LA8wbELyny', 'CREATOR', 'ACTIVE'),
                                                                                  (9,  '2026-02-12 10:21:00', '2026-02-12 10:21:00', 'creator.daniyar@test',       '$2b$12$/WM3jWwIBxB6SVZEyw7drOwVH7tM1mvIna5hxpy61e/LA8wbELyny', 'CREATOR', 'ACTIVE'),
                                                                                  (10, '2026-02-12 10:22:00', '2026-02-12 10:22:00', 'creator.sofia@test',         '$2b$12$/WM3jWwIBxB6SVZEyw7drOwVH7tM1mvIna5hxpy61e/LA8wbELyny', 'CREATOR', 'ACTIVE'),
                                                                                  (11, '2026-02-12 10:23:00', '2026-02-12 10:23:00', 'creator.maksim@test',        '$2b$12$/WM3jWwIBxB6SVZEyw7drOwVH7tM1mvIna5hxpy61e/LA8wbELyny', 'CREATOR', 'ACTIVE'),
                                                                                  (12, '2026-02-12 10:24:00', '2026-02-12 10:24:00', 'creator.ayana@test',         '$2b$12$/WM3jWwIBxB6SVZEyw7drOwVH7tM1mvIna5hxpy61e/LA8wbELyny', 'CREATOR', 'ACTIVE'),
                                                                                  (13, '2026-02-12 10:25:00', '2026-02-12 10:25:00', 'creator.timur@test',         '$2b$12$/WM3jWwIBxB6SVZEyw7drOwVH7tM1mvIna5hxpy61e/LA8wbELyny', 'CREATOR', 'ACTIVE'),
                                                                                  (14, '2026-02-12 10:26:00', '2026-02-12 10:26:00', 'creator.emi@test',           '$2b$12$/WM3jWwIBxB6SVZEyw7drOwVH7tM1mvIna5hxpy61e/LA8wbELyny', 'CREATOR', 'ACTIVE'),
                                                                                  (15, '2026-02-12 10:27:00', '2026-02-12 10:27:00', 'creator.roman@test',         '$2b$12$/WM3jWwIBxB6SVZEyw7drOwVH7tM1mvIna5hxpy61e/LA8wbELyny', 'CREATOR', 'ACTIVE');

INSERT INTO company_profiles (id, created_at, updated_at, user_id, company_name, industry_id, description, website_url, country_id, min_budget, max_budget) VALUES
                                                                                                                                                                (1, '2026-02-12 11:00:00', '2026-02-12 11:00:00', 2, 'ACME Electronics', 8, 'Consumer gadgets and smart home devices.', 'https://acme.test', 2, 5000.00, 50000.00),
                                                                                                                                                                (2, '2026-02-12 11:01:00', '2026-02-12 11:01:00', 3, 'Aurora Learning', 3, 'Online courses and learning subscriptions.', 'https://aurora-learning.test', 3, 1500.00, 20000.00),
                                                                                                                                                                (3, '2026-02-12 11:02:00', '2026-02-12 11:02:00', 4, 'Nomad Trips', 6, 'City breaks, tours, and travel bundles.', 'https://nomadtrips.test', 5, 3000.00, 35000.00),
                                                                                                                                                                (4, '2026-02-12 11:03:00', '2026-02-12 11:03:00', 5, 'GreenFit', 4, 'Fitness programs and wellness products.', 'https://greenfit.test', 1, 2000.00, 25000.00),
                                                                                                                                                                (5, '2026-02-12 11:04:00', '2026-02-12 11:04:00', 6, 'ByteBank', 2, 'Digital banking app for everyday finance.', 'https://bytebank.test', 4, 8000.00, 80000.00),
                                                                                                                                                                (6, '2026-02-12 11:05:00', '2026-02-12 11:05:00', 7, 'ZenBeauty', 9, 'Skincare and beauty brand with clean ingredients.', 'https://zenbeauty.test', 6, 2500.00, 30000.00);

INSERT INTO creator_profiles (id, created_at, updated_at, user_id, display_name, bio, primary_category_id, followers_count, avg_views, engagement_rate, contact_email) VALUES
                                                                                                                                                                           (1, '2026-02-12 12:00:00', '2026-02-12 12:00:00', 8,  'Alina K.', 'Tech reviews, AI tools, and productivity.', 1, 120000, 45000, 4.80, 'alina.k@creators.test'),
                                                                                                                                                                           (2, '2026-02-12 12:01:00', '2026-02-12 12:01:00', 9,  'Daniyar Plays', 'Gaming highlights and streams.', 2, 98000, 38000, 5.10, 'daniyar@creators.test'),
                                                                                                                                                                           (3, '2026-02-12 12:02:00', '2026-02-12 12:02:00', 10, 'Sofia Style', 'Fashion hauls, styling, and lifestyle.', 10, 210000, 72000, 3.90, 'sofia@creators.test'),
                                                                                                                                                                           (4, '2026-02-12 12:03:00', '2026-02-12 12:03:00', 11, 'Maksim Fit', 'Training routines and nutrition tips.', 4, 145000, 52000, 4.30, 'maksim@creators.test'),
                                                                                                                                                                           (5, '2026-02-12 12:04:00', '2026-02-12 12:04:00', 12, 'Ayana Cooks', 'Easy recipes and kitchen hacks.', 5, 76000, 26000, 6.20, 'ayana@creators.test'),
                                                                                                                                                                           (6, '2026-02-12 12:05:00', '2026-02-12 12:05:00', 13, 'Timur Travels', 'Budget travel guides and city itineraries.', 6, 88000, 31000, 4.70, 'timur@creators.test'),
                                                                                                                                                                           (7, '2026-02-12 12:06:00', '2026-02-12 12:06:00', 14, 'Emi Studies', 'Study routines, note-taking, and education apps.', 7, 54000, 18000, 5.60, 'emi@creators.test'),
                                                                                                                                                                           (8, '2026-02-12 12:07:00', '2026-02-12 12:07:00', 15, 'Roman Money', 'Personal finance, budgeting, and investing basics.', 8, 67000, 22000, 4.10, 'roman@creators.test');

INSERT INTO creator_platforms (id, created_at, updated_at, creator_id, platform, profile_url, followers_count, avg_views) VALUES
                                                                                                                              (1,  '2026-02-12 12:20:00', '2026-02-12 12:20:00', 1, 'YOUTUBE',   'https://youtube.test/@alina',   120000, 45000),
                                                                                                                              (2,  '2026-02-12 12:20:00', '2026-02-12 12:20:00', 1, 'INSTAGRAM', 'https://instagram.test/alina', 80000,  12000),
                                                                                                                              (3,  '2026-02-12 12:21:00', '2026-02-12 12:21:00', 2, 'TWITCH',    'https://twitch.test/daniyar',  98000,  38000),
                                                                                                                              (4,  '2026-02-12 12:21:00', '2026-02-12 12:21:00', 2, 'YOUTUBE',   'https://youtube.test/@daniyar', 64000,  21000),
                                                                                                                              (5,  '2026-02-12 12:22:00', '2026-02-12 12:22:00', 3, 'INSTAGRAM', 'https://instagram.test/sofia', 210000, 22000),
                                                                                                                              (6,  '2026-02-12 12:22:00', '2026-02-12 12:22:00', 3, 'TIKTOK',    'https://tiktok.test/@sofia',   190000, 54000),
                                                                                                                              (7,  '2026-02-12 12:23:00', '2026-02-12 12:23:00', 4, 'YOUTUBE',   'https://youtube.test/@maksim', 145000, 52000),
                                                                                                                              (8,  '2026-02-12 12:24:00', '2026-02-12 12:24:00', 5, 'TIKTOK',    'https://tiktok.test/@ayana',   76000,  26000),
                                                                                                                              (9,  '2026-02-12 12:25:00', '2026-02-12 12:25:00', 6, 'YOUTUBE',   'https://youtube.test/@timur',  88000,  31000),
                                                                                                                              (10, '2026-02-12 12:26:00', '2026-02-12 12:26:00', 7, 'TELEGRAM',  'https://t.me/emistudies',      54000,  18000),
                                                                                                                              (11, '2026-02-12 12:27:00', '2026-02-12 12:27:00', 8, 'YOUTUBE',   'https://youtube.test/@roman',  67000,  22000);

INSERT INTO creator_audience_age (id, created_at, updated_at, creator_id, age_begin, age_end, percentage) VALUES
                                                                                                              (1,  '2026-02-12 13:00:00', '2026-02-12 13:00:00', 1, 18, 24, 38.50),
                                                                                                              (2,  '2026-02-12 13:00:00', '2026-02-12 13:00:00', 1, 25, 34, 44.20),
                                                                                                              (3,  '2026-02-12 13:00:00', '2026-02-12 13:00:00', 1, 35, 44, 17.30),
                                                                                                              (4,  '2026-02-12 13:01:00', '2026-02-12 13:01:00', 2, 13, 17, 22.10),
                                                                                                              (5,  '2026-02-12 13:01:00', '2026-02-12 13:01:00', 2, 18, 24, 41.70),
                                                                                                              (6,  '2026-02-12 13:01:00', '2026-02-12 13:01:00', 2, 25, 34, 36.20),
                                                                                                              (7,  '2026-02-12 13:02:00', '2026-02-12 13:02:00', 3, 18, 24, 33.40),
                                                                                                              (8,  '2026-02-12 13:02:00', '2026-02-12 13:02:00', 3, 25, 34, 46.80),
                                                                                                              (9,  '2026-02-12 13:02:00', '2026-02-12 13:02:00', 3, 35, 44, 19.80),
                                                                                                              (10, '2026-02-12 13:03:00', '2026-02-12 13:03:00', 4, 18, 24, 28.90),
                                                                                                              (11, '2026-02-12 13:03:00', '2026-02-12 13:03:00', 4, 25, 34, 49.60),
                                                                                                              (12, '2026-02-12 13:03:00', '2026-02-12 13:03:00', 4, 35, 44, 21.50),
                                                                                                              (13, '2026-02-12 13:04:00', '2026-02-12 13:04:00', 5, 18, 24, 40.10),
                                                                                                              (14, '2026-02-12 13:04:00', '2026-02-12 13:04:00', 5, 25, 34, 43.20),
                                                                                                              (15, '2026-02-12 13:04:00', '2026-02-12 13:04:00', 5, 35, 44, 16.70);

INSERT INTO creator_audience_geo (id, created_at, updated_at, creator_id, country_id, percentage) VALUES
                                                                                                      (1,  '2026-02-12 13:20:00', '2026-02-12 13:20:00', 1, 1, 32.50),
                                                                                                      (2,  '2026-02-12 13:20:00', '2026-02-12 13:20:00', 1, 2, 18.10),
                                                                                                      (3,  '2026-02-12 13:20:00', '2026-02-12 13:20:00', 1, 3, 10.40),
                                                                                                      (4,  '2026-02-12 13:21:00', '2026-02-12 13:21:00', 2, 2, 26.70),
                                                                                                      (5,  '2026-02-12 13:21:00', '2026-02-12 13:21:00', 2, 4, 12.30),
                                                                                                      (6,  '2026-02-12 13:21:00', '2026-02-12 13:21:00', 2, 1, 15.60),
                                                                                                      (7,  '2026-02-12 13:22:00', '2026-02-12 13:22:00', 3, 5, 14.20),
                                                                                                      (8,  '2026-02-12 13:22:00', '2026-02-12 13:22:00', 3, 3, 11.10),
                                                                                                      (9,  '2026-02-12 13:22:00', '2026-02-12 13:22:00', 3, 6, 13.80),
                                                                                                      (10, '2026-02-12 13:23:00', '2026-02-12 13:23:00', 4, 1, 28.30),
                                                                                                      (11, '2026-02-12 13:23:00', '2026-02-12 13:23:00', 4, 2, 16.40),
                                                                                                      (12, '2026-02-12 13:23:00', '2026-02-12 13:23:00', 4, 8, 12.70),
                                                                                                      (13, '2026-02-12 13:24:00', '2026-02-12 13:24:00', 5, 1, 34.90),
                                                                                                      (14, '2026-02-12 13:24:00', '2026-02-12 13:24:00', 5, 6, 16.20),
                                                                                                      (15, '2026-02-12 13:24:00', '2026-02-12 13:24:00', 5, 7, 10.10);

INSERT INTO company_preferred_categories (id, created_at, updated_at, company_id, category_id) VALUES
                                                                                                   (1,  '2026-02-12 14:00:00', '2026-02-12 14:00:00', 1, 1),
                                                                                                   (2,  '2026-02-12 14:00:00', '2026-02-12 14:00:00', 1, 7),
                                                                                                   (3,  '2026-02-12 14:01:00', '2026-02-12 14:01:00', 2, 7),
                                                                                                   (4,  '2026-02-12 14:01:00', '2026-02-12 14:01:00', 2, 1),
                                                                                                   (5,  '2026-02-12 14:02:00', '2026-02-12 14:02:00', 3, 6),
                                                                                                   (6,  '2026-02-12 14:02:00', '2026-02-12 14:02:00', 3, 12),
                                                                                                   (7,  '2026-02-12 14:03:00', '2026-02-12 14:03:00', 4, 4),
                                                                                                   (8,  '2026-02-12 14:03:00', '2026-02-12 14:03:00', 4, 9),
                                                                                                   (9,  '2026-02-12 14:04:00', '2026-02-12 14:04:00', 5, 8),
                                                                                                   (10, '2026-02-12 14:04:00', '2026-02-12 14:04:00', 5, 1),
                                                                                                   (11, '2026-02-12 14:05:00', '2026-02-12 14:05:00', 6, 3),
                                                                                                   (12, '2026-02-12 14:05:00', '2026-02-12 14:05:00', 6, 10);

INSERT INTO offers (id, created_at, updated_at, company_id, title, description, category_id, budget, currency, target_min_age, target_max_age, campaign_start_date, campaign_end_date, status) VALUES
                                                                                                                                                                                                   (1,  '2026-02-15 09:00:00', '2026-02-15 09:00:00', 1, 'Smart Speaker Launch', 'Promo campaign for a new smart speaker with voice assistant features.', 1, 22000.00, 'USD', 18, 44, '2026-03-05', '2026-03-25', 'ACTIVE'),
                                                                                                                                                                                                   (2,  '2026-02-15 09:05:00', '2026-02-15 09:05:00', 1, 'Gaming Headset Review', 'Sponsored reviews and short clips featuring premium headset audio.', 2, 12000.00, 'USD', 16, 34, '2026-03-01', '2026-03-20', 'ACTIVE'),
                                                                                                                                                                                                   (3,  '2026-02-15 09:10:00', '2026-02-15 09:10:00', 2, 'Study App Tutorials', 'Creators explain how to use the app for learning and exam prep.', 7, 8000.00, 'USD', 16, 34, '2026-03-10', '2026-04-05', 'ACTIVE'),
                                                                                                                                                                                                   (4,  '2026-02-15 09:12:00', '2026-02-15 09:12:00', 2, 'Course Bundle Awareness', 'Brand awareness for a course bundle with discount code.', 7, 14000.00, 'USD', 18, 44, '2026-03-12', '2026-04-12', 'DRAFT'),
                                                                                                                                                                                                   (5,  '2026-02-15 09:15:00', '2026-02-15 09:15:00', 3, 'Weekend City Breaks', 'Travel creators showcase weekend itineraries and booking flow.', 6, 18000.00, 'EUR', 18, 44, '2026-04-01', '2026-04-25', 'ACTIVE'),
                                                                                                                                                                                                   (6,  '2026-02-15 09:20:00', '2026-02-15 09:20:00', 3, 'Summer Tour Giveaways', 'Giveaway campaign with tour vouchers and engagement mechanics.', 12, 15000.00, 'EUR', 18, 44, '2026-05-10', '2026-06-01', 'PAUSED'),
                                                                                                                                                                                                   (7,  '2026-02-15 09:25:00', '2026-02-15 09:25:00', 4, '30-Day Fitness Challenge', 'Fitness challenge with daily posts and progress tracking.', 4, 10000.00, 'KZT', 18, 44, '2026-03-15', '2026-04-15', 'ACTIVE'),
                                                                                                                                                                                                   (8,  '2026-02-15 09:30:00', '2026-02-15 09:30:00', 4, 'Healthy Habit Reels', 'Short-form content series on healthy habits and routines.', 9, 6000.00, 'KZT', 18, 44, '2026-03-20', '2026-04-10', 'ACTIVE'),
                                                                                                                                                                                                   (9,  '2026-02-15 09:35:00', '2026-02-15 09:35:00', 5, 'Budgeting Basics', 'Creators explain budgeting features inside the app and onboarding.', 8, 24000.00, 'USD', 18, 44, '2026-03-08', '2026-03-30', 'ACTIVE'),
                                                                                                                                                                                                   (10, '2026-02-15 09:40:00', '2026-02-15 09:40:00', 5, 'Cashback Promo', 'Cashback promo with tracking link and call-to-action.', 8, 30000.00, 'USD', 18, 44, '2026-03-01', '2026-03-31', 'ACTIVE'),
                                                                                                                                                                                                   (11, '2026-02-15 09:45:00', '2026-02-15 09:45:00', 6, 'Skincare Routine', 'Morning and evening routine featuring 2 products and tips.', 3, 9000.00, 'USD', 18, 44, '2026-03-18', '2026-04-18', 'ACTIVE'),
                                                                                                                                                                                                   (12, '2026-02-15 09:50:00', '2026-02-15 09:50:00', 6, 'Spring Makeup Looks', 'Makeup looks challenge and product placement.', 10, 11000.00, 'USD', 18, 44, '2026-03-22', '2026-04-22', 'CLOSED');

INSERT INTO offer_risk_analysis (id, created_at, updated_at, offer_id, risk_score, risk_label, moderation_status, reasons) VALUES
                                                                                                                               (1,  '2026-02-15 10:00:00', '2026-02-15 10:00:00', 1, 0.120, 'LOW',    'APPROVED', '{"signals":[{"key":"brand_safety","value":"clean"},{"key":"claims","value":"low"}]}'::jsonb),
                                                                                                                               (2,  '2026-02-15 10:01:00', '2026-02-15 10:01:00', 2, 0.180, 'LOW',    'APPROVED', '{"signals":[{"key":"gaming_violence","value":"context_ok"}]}'::jsonb),
                                                                                                                               (3,  '2026-02-15 10:02:00', '2026-02-15 10:02:00', 3, 0.210, 'LOW',    'APPROVED', '{"signals":[{"key":"education","value":"benign"}]}'::jsonb),
                                                                                                                               (4,  '2026-02-15 10:03:00', '2026-02-15 10:03:00', 4, 0.260, 'MEDIUM', 'PENDING',  '{"signals":[{"key":"discount_code","value":"review_needed"}]}'::jsonb),
                                                                                                                               (5,  '2026-02-15 10:04:00', '2026-02-15 10:04:00', 5, 0.190, 'LOW',    'APPROVED', '{"signals":[{"key":"travel","value":"standard"}]}'::jsonb),
                                                                                                                               (6,  '2026-02-15 10:05:00', '2026-02-15 10:05:00', 6, 0.240, 'MEDIUM', 'APPROVED', '{"signals":[{"key":"giveaway","value":"rules_present"}]}'::jsonb),
                                                                                                                               (7,  '2026-02-15 10:06:00', '2026-02-15 10:06:00', 7, 0.160, 'LOW',    'APPROVED', '{"signals":[{"key":"health_claims","value":"no_medical"}]}'::jsonb),
                                                                                                                               (8,  '2026-02-15 10:07:00', '2026-02-15 10:07:00', 8, 0.170, 'LOW',    'APPROVED', '{"signals":[{"key":"wellness","value":"general_advice"}]}'::jsonb),
                                                                                                                               (9,  '2026-02-15 10:08:00', '2026-02-15 10:08:00', 9, 0.230, 'MEDIUM', 'APPROVED', '{"signals":[{"key":"finance","value":"no_promises"}]}'::jsonb),
                                                                                                                               (10, '2026-02-15 10:09:00', '2026-02-15 10:09:00', 10, 0.250, 'MEDIUM', 'PENDING',  '{"signals":[{"key":"cashback","value":"terms_required"}]}'::jsonb),
                                                                                                                               (11, '2026-02-15 10:10:00', '2026-02-15 10:10:00', 11, 0.150, 'LOW',    'APPROVED', '{"signals":[{"key":"cosmetics","value":"standard"}]}'::jsonb),
                                                                                                                               (12, '2026-02-15 10:11:00', '2026-02-15 10:11:00', 12, 0.280, 'MEDIUM', 'APPROVED', '{"signals":[{"key":"makeup","value":"standard"},{"key":"challenge","value":"ok"}]}'::jsonb);

INSERT INTO offer_target_countries (id, created_at, updated_at, offer_id, country_id) VALUES
                                                                                          (1,  '2026-02-15 10:20:00', '2026-02-15 10:20:00', 1, 2),
                                                                                          (2,  '2026-02-15 10:20:00', '2026-02-15 10:20:00', 1, 3),
                                                                                          (3,  '2026-02-15 10:21:00', '2026-02-15 10:21:00', 2, 2),
                                                                                          (4,  '2026-02-15 10:21:00', '2026-02-15 10:21:00', 2, 1),
                                                                                          (5,  '2026-02-15 10:22:00', '2026-02-15 10:22:00', 3, 1),
                                                                                          (6,  '2026-02-15 10:22:00', '2026-02-15 10:22:00', 3, 3),
                                                                                          (7,  '2026-02-15 10:23:00', '2026-02-15 10:23:00', 4, 3),
                                                                                          (8,  '2026-02-15 10:23:00', '2026-02-15 10:23:00', 4, 5),
                                                                                          (9,  '2026-02-15 10:24:00', '2026-02-15 10:24:00', 5, 5),
                                                                                          (10, '2026-02-15 10:24:00', '2026-02-15 10:24:00', 5, 6),
                                                                                          (11, '2026-02-15 10:25:00', '2026-02-15 10:25:00', 6, 5),
                                                                                          (12, '2026-02-15 10:25:00', '2026-02-15 10:25:00', 6, 7),
                                                                                          (13, '2026-02-15 10:26:00', '2026-02-15 10:26:00', 7, 1),
                                                                                          (14, '2026-02-15 10:26:00', '2026-02-15 10:26:00', 7, 6),
                                                                                          (15, '2026-02-15 10:27:00', '2026-02-15 10:27:00', 8, 1),
                                                                                          (16, '2026-02-15 10:27:00', '2026-02-15 10:27:00', 8, 8),
                                                                                          (17, '2026-02-15 10:28:00', '2026-02-15 10:28:00', 9, 2),
                                                                                          (18, '2026-02-15 10:28:00', '2026-02-15 10:28:00', 9, 4),
                                                                                          (19, '2026-02-15 10:29:00', '2026-02-15 10:29:00', 10, 2),
                                                                                          (20, '2026-02-15 10:29:00', '2026-02-15 10:29:00', 10, 3),
                                                                                          (21, '2026-02-15 10:30:00', '2026-02-15 10:30:00', 11, 6),
                                                                                          (22, '2026-02-15 10:30:00', '2026-02-15 10:30:00', 11, 5),
                                                                                          (23, '2026-02-15 10:31:00', '2026-02-15 10:31:00', 12, 6),
                                                                                          (24, '2026-02-15 10:31:00', '2026-02-15 10:31:00', 12, 3);

INSERT INTO conversations (id, created_at, updated_at, type, offer_id, created_by_user_id, last_message_at) VALUES
                                                                                                                (1, '2026-02-16 09:00:00', '2026-02-16 09:10:00', 'OFFER',   1, 2,  '2026-02-16 09:10:00'),
                                                                                                                (2, '2026-02-16 10:00:00', '2026-02-16 10:15:00', 'OFFER',   2, 2,  '2026-02-16 10:15:00'),
                                                                                                                (3, '2026-02-16 11:00:00', '2026-02-16 11:08:00', 'OFFER',   5, 4,  '2026-02-16 11:08:00'),
                                                                                                                (4, '2026-02-16 12:00:00', '2026-02-16 12:25:00', 'OFFER',   9, 6,  '2026-02-16 12:25:00'),
                                                                                                                (5, '2026-02-16 13:00:00', '2026-02-16 13:05:00', 'GENERAL', NULL, 1,  '2026-02-16 13:05:00'),
                                                                                                                (6, '2026-02-16 14:00:00', '2026-02-16 14:12:00', 'OFFER',   11, 7, '2026-02-16 14:12:00');

INSERT INTO conversation_participants (id, created_at, updated_at, conversation_id, user_id, role_in_conversation, joined_at, is_muted) VALUES
                                                                                                                                            (1,  '2026-02-16 09:00:00', '2026-02-16 09:00:00', 1, 2,  'OWNER',   '2026-02-16 09:00:00', false),
                                                                                                                                            (2,  '2026-02-16 09:00:00', '2026-02-16 09:00:00', 1, 8,  'CREATOR', '2026-02-16 09:00:00', false),
                                                                                                                                            (3,  '2026-02-16 10:00:00', '2026-02-16 10:00:00', 2, 2,  'OWNER',   '2026-02-16 10:00:00', false),
                                                                                                                                            (4,  '2026-02-16 10:00:00', '2026-02-16 10:00:00', 2, 9,  'CREATOR', '2026-02-16 10:00:00', false),
                                                                                                                                            (5,  '2026-02-16 11:00:00', '2026-02-16 11:00:00', 3, 4,  'OWNER',   '2026-02-16 11:00:00', false),
                                                                                                                                            (6,  '2026-02-16 11:00:00', '2026-02-16 11:00:00', 3, 13, 'CREATOR', '2026-02-16 11:00:00', false),
                                                                                                                                            (7,  '2026-02-16 12:00:00', '2026-02-16 12:00:00', 4, 6,  'OWNER',   '2026-02-16 12:00:00', false),
                                                                                                                                            (8,  '2026-02-16 12:00:00', '2026-02-16 12:00:00', 4, 15, 'CREATOR', '2026-02-16 12:00:00', false),
                                                                                                                                            (9,  '2026-02-16 13:00:00', '2026-02-16 13:00:00', 5, 1,  'ADMIN',   '2026-02-16 13:00:00', false),
                                                                                                                                            (10, '2026-02-16 13:00:00', '2026-02-16 13:00:00', 5, 2,  'COMPANY', '2026-02-16 13:00:00', true),
                                                                                                                                            (11, '2026-02-16 14:00:00', '2026-02-16 14:00:00', 6, 7,  'OWNER',   '2026-02-16 14:00:00', false),
                                                                                                                                            (12, '2026-02-16 14:00:00', '2026-02-16 14:00:00', 6, 10, 'CREATOR', '2026-02-16 14:00:00', false);

INSERT INTO messages (id, created_at, updated_at, conversation_id, sender_user_id, message_type, body, read_at) VALUES
                                                                                                                    (1,  '2026-02-16 09:01:00', '2026-02-16 09:01:00', 1, 2,  'TEXT', 'Hi! Interested in the Smart Speaker Launch. Can you share your audience geo?', '2026-02-16 09:02:10'),
                                                                                                                    (2,  '2026-02-16 09:03:00', '2026-02-16 09:03:00', 1, 8,  'TEXT', 'Sure. Main countries: KZ, US, GB. I can tailor content for US/GB.', '2026-02-16 09:04:00'),
                                                                                                                    (3,  '2026-02-16 09:06:00', '2026-02-16 09:06:00', 1, 2,  'TEXT', 'Great. Please propose 2 integrations and a short unboxing clip.', NULL),
                                                                                                                    (4,  '2026-02-16 10:01:00', '2026-02-16 10:01:00', 2, 2,  'TEXT', 'We need a gaming headset review + shorts. Are you comfortable with a scripted hook?', '2026-02-16 10:02:00'),
                                                                                                                    (5,  '2026-02-16 10:05:00', '2026-02-16 10:05:00', 2, 9,  'TEXT', 'Yes. I can do a 30s hook and a longer review.', NULL),
                                                                                                                    (6,  '2026-02-16 11:02:00', '2026-02-16 11:02:00', 3, 4,  'TEXT', 'For Weekend City Breaks, can you do itinerary format + booking CTA?', '2026-02-16 11:03:00'),
                                                                                                                    (7,  '2026-02-16 11:06:00', '2026-02-16 11:06:00', 3, 13, 'TEXT', 'Yes. I can do 2 cities and include tracking link in description.', NULL),
                                                                                                                    (8,  '2026-02-16 12:02:00', '2026-02-16 12:02:00', 4, 6,  'TEXT', 'Budgeting Basics: we want clear onboarding steps and feature highlights.', '2026-02-16 12:03:00'),
                                                                                                                    (9,  '2026-02-16 12:06:00', '2026-02-16 12:06:00', 4, 15, 'TEXT', 'Got it. I will do a walkthrough + 3 tips, no financial promises.', NULL),
                                                                                                                    (10, '2026-02-16 13:01:00', '2026-02-16 13:01:00', 5, 1,  'TEXT', 'Please keep communications inside the platform for audit trail.', '2026-02-16 13:02:00'),
                                                                                                                    (11, '2026-02-16 13:04:00', '2026-02-16 13:04:00', 5, 2,  'TEXT', 'Understood. We will use the platform chat only.', NULL),
                                                                                                                    (12, '2026-02-16 14:01:00', '2026-02-16 14:01:00', 6, 7,  'TEXT', 'Skincare Routine: do you prefer reels or a longer YouTube video?', '2026-02-16 14:02:00'),
                                                                                                                    (13, '2026-02-16 14:06:00', '2026-02-16 14:06:00', 6, 10, 'TEXT', 'Reels + a short routine checklist in caption works best for my audience.', NULL);

INSERT INTO message_attachments (id, created_at, updated_at, message_id, type, url, file_name) VALUES
                                                                                                   (1, '2026-02-16 09:06:30', '2026-02-16 09:06:30', 3, 'FILE', 'https://cdn.test/briefs/smart-speaker-brief.pdf', 'smart-speaker-brief.pdf'),
                                                                                                   (2, '2026-02-16 10:01:30', '2026-02-16 10:01:30', 4, 'LINK', 'https://cdn.test/assets/headset-product-page', NULL),
                                                                                                   (3, '2026-02-16 12:02:30', '2026-02-16 12:02:30', 8, 'FILE', 'https://cdn.test/briefs/bytebank-onboarding.pdf', 'bytebank-onboarding.pdf'),
                                                                                                   (4, '2026-02-16 14:02:30', '2026-02-16 14:02:30', 12, 'FILE', 'https://cdn.test/briefs/zenbeauty-routine.pdf', 'zenbeauty-routine.pdf');

INSERT INTO match_results (id, created_at, updated_at, offer_id, creator_id, similarity_score, performance_score, risk_penalty, final_score, explanation, breakdown) VALUES
                                                                                                                                                                         (1,  '2026-02-16 15:00:00', '2026-02-16 15:00:00', 1, 1, 0.9025, 0.7810, 0.0200, 0.8610, 'Strong tech category fit and high average views; low risk.', '{"weights":{"similarity":0.55,"performance":0.40,"risk":0.05},"inputs":{"similarity":0.9025,"performance":0.7810,"risk_penalty":0.0200}}'::jsonb),
                                                                                                                                                                         (2,  '2026-02-16 15:01:00', '2026-02-16 15:01:00', 2, 2, 0.8840, 0.7420, 0.0300, 0.8304, 'Gaming creator matches category; performance good; low risk.', '{"weights":{"similarity":0.55,"performance":0.40,"risk":0.05},"inputs":{"similarity":0.8840,"performance":0.7420,"risk_penalty":0.0300}}'::jsonb),
                                                                                                                                                                         (3,  '2026-02-16 15:02:00', '2026-02-16 15:02:00', 5, 6, 0.8600, 0.7010, 0.0400, 0.8045, 'Travel category fit and stable engagement; medium-low penalty.', '{"weights":{"similarity":0.55,"performance":0.40,"risk":0.05},"inputs":{"similarity":0.8600,"performance":0.7010,"risk_penalty":0.0400}}'::jsonb),
                                                                                                                                                                         (4,  '2026-02-16 15:03:00', '2026-02-16 15:03:00', 7, 4, 0.8320, 0.7310, 0.0200, 0.7981, 'Fitness offer aligns with creator niche; good performance.', '{"weights":{"similarity":0.55,"performance":0.40,"risk":0.05},"inputs":{"similarity":0.8320,"performance":0.7310,"risk_penalty":0.0200}}'::jsonb),
                                                                                                                                                                         (5,  '2026-02-16 15:04:00', '2026-02-16 15:04:00', 9, 8, 0.7920, 0.6840, 0.0500, 0.7384, 'Finance content fit; ensure compliance language; moderate penalty.', '{"weights":{"similarity":0.55,"performance":0.40,"risk":0.05},"inputs":{"similarity":0.7920,"performance":0.6840,"risk_penalty":0.0500}}'::jsonb),
                                                                                                                                                                         (6,  '2026-02-16 15:05:00', '2026-02-16 15:05:00', 11, 3, 0.8210, 0.7050, 0.0200, 0.7860, 'Beauty creator strong reach; low risk; consistent views.', '{"weights":{"similarity":0.55,"performance":0.40,"risk":0.05},"inputs":{"similarity":0.8210,"performance":0.7050,"risk_penalty":0.0200}}'::jsonb);

INSERT INTO email_confirmation_codes (id, created_at, updated_at, code, user_id, expires_at, used) VALUES
                                                                                                       (1,  '2026-02-12 10:01:00', '2026-02-12 10:01:00', 'A1C3E5', 2,  '2026-02-13 10:01:00', true),
                                                                                                       (2,  '2026-02-12 10:02:00', '2026-02-12 10:02:00', 'B2D4F6', 3,  '2026-02-13 10:02:00', true),
                                                                                                       (3,  '2026-02-12 10:03:00', '2026-02-12 10:03:00', 'C7K9M2', 4,  '2026-02-13 10:03:00', true),
                                                                                                       (4,  '2026-02-12 10:04:00', '2026-02-12 10:04:00', 'D3H8P1', 5,  '2026-02-13 10:04:00', true),
                                                                                                       (5,  '2026-02-12 10:05:00', '2026-02-12 10:05:00', 'E9Q2R7', 6,  '2026-02-13 10:05:00', true),
                                                                                                       (6,  '2026-02-12 10:06:00', '2026-02-12 10:06:00', 'F4S6T8', 7,  '2026-02-13 10:06:00', true),
                                                                                                       (7,  '2026-02-12 10:20:30', '2026-02-12 10:20:30', 'G5U7V9', 8,  '2026-02-13 10:20:30', true),
                                                                                                       (8,  '2026-02-12 10:21:30', '2026-02-12 10:21:30', 'H6W8X1', 9,  '2026-02-13 10:21:30', true),
                                                                                                       (9,  '2026-02-12 10:22:30', '2026-02-12 10:22:30', 'J7Y9Z2', 10, '2026-02-13 10:22:30', false),
                                                                                                       (10, '2026-02-12 10:23:30', '2026-02-12 10:23:30', 'K8A2B4', 11, '2026-02-13 10:23:30', true);

INSERT INTO chat_widget_session (id, created_at, updated_at, user_id, started_at, ended_at, context) VALUES
                                                                                                         (1,  '2026-02-20 09:00:00', '2026-02-20 09:08:00', 2,  '2026-02-20 09:00:00', '2026-02-20 09:08:00', '{"entry":"landing_widget","locale":"en","page":"/","utm":{"source":"demo","campaign":"spring"}}'::jsonb),
                                                                                                         (2,  '2026-02-20 10:10:00', '2026-02-20 10:20:00', 8,  '2026-02-20 10:10:00', '2026-02-20 10:20:00', '{"entry":"dashboard_widget","locale":"ru","page":"/creator","state":{"onboarding":"done"}}'::jsonb),
                                                                                                         (3,  '2026-02-21 11:30:00', '2026-02-21 11:45:00', 6,  '2026-02-21 11:30:00', '2026-02-21 11:45:00', '{"entry":"offers_widget","locale":"en","page":"/offers","filters":{"status":"ACTIVE"}}'::jsonb),
                                                                                                         (4,  '2026-02-21 16:00:00', '2026-02-21 16:05:00', 10, '2026-02-21 16:00:00', '2026-02-21 16:05:00', '{"entry":"offer_view_widget","locale":"en","page":"/offers/11","offer_id":11}'::jsonb),
                                                                                                         (5,  '2026-02-22 09:15:00', '2026-02-22 09:28:00', 7,  '2026-02-22 09:15:00', '2026-02-22 09:28:00', '{"entry":"help_widget","locale":"ru","page":"/company/profile","topic":"profile_update"}'::jsonb),
                                                                                                         (6,  '2026-02-22 13:40:00', '2026-02-22 13:55:00', 15, '2026-02-22 13:40:00', '2026-02-22 13:55:00', '{"entry":"creator_widget","locale":"en","page":"/creator/messages","unread_count":2}'::jsonb),
                                                                                                         (7,  '2026-02-23 12:00:00', '2026-02-23 12:12:00', 4,  '2026-02-23 12:00:00', '2026-02-23 12:12:00', '{"entry":"landing_widget","locale":"en","page":"/pricing"}'::jsonb),
                                                                                                         (8,  '2026-02-24 18:05:00', '2026-02-24 18:15:00', 13, '2026-02-24 18:05:00', '2026-02-24 18:15:00', '{"entry":"dashboard_widget","locale":"ru","page":"/creator/offers","state":{"onboarding":"done"}}'::jsonb),
                                                                                                         (9,  '2026-02-25 08:00:00', '2026-02-25 08:09:00', 5,  '2026-02-25 08:00:00', '2026-02-25 08:09:00', '{"entry":"offers_widget","locale":"en","page":"/offers","filters":{"category":"Fitness"}}'::jsonb),
                                                                                                         (10, '2026-02-25 19:20:00', '2026-02-25 19:35:00', 9,  '2026-02-25 19:20:00', '2026-02-25 19:35:00', '{"entry":"help_widget","locale":"en","page":"/creator/profile","topic":"platforms"}'::jsonb);

INSERT INTO chat_widget_messages (id, created_at, updated_at, session_id, sender, text, intent, metadata) VALUES
                                                                                                              (1,  '2026-02-20 09:00:10', '2026-02-20 09:00:10', 1,  'USER', 'How do I create an offer?', 'help.create_offer', '{"channel":"widget","lang":"en","confidence":0.91}'::jsonb),
                                                                                                              (2,  '2026-02-20 09:00:12', '2026-02-20 09:00:12', 1,  'BOT',  'Go to Offers → Create. Fill title, description, category, budget, and target ages.', 'help.create_offer', '{"channel":"widget","lang":"en","confidence":0.91,"actions":[{"type":"navigate","to":"/offers/new"}]}'::jsonb),
                                                                                                              (3,  '2026-02-20 09:03:00', '2026-02-20 09:03:00', 1,  'USER', 'Can I target multiple countries?', 'help.targeting', '{"channel":"widget","lang":"en","confidence":0.88}'::jsonb),
                                                                                                              (4,  '2026-02-20 09:03:02', '2026-02-20 09:03:02', 1,  'BOT',  'Yes. Add countries in the targeting section of the offer.', 'help.targeting', '{"channel":"widget","lang":"en","confidence":0.88}'::jsonb),
                                                                                                              (5,  '2026-02-20 10:10:10', '2026-02-20 10:10:10', 2,  'USER', 'Где посмотреть мои предложения?', 'help.my_offers', '{"channel":"widget","lang":"ru","confidence":0.86}'::jsonb),
                                                                                                              (6,  '2026-02-20 10:10:12', '2026-02-20 10:10:12', 2,  'BOT',  'Откройте раздел Offers в личном кабинете.', 'help.my_offers', '{"channel":"widget","lang":"ru","confidence":0.86,"actions":[{"type":"navigate","to":"/offers"}]}'::jsonb),
                                                                                                              (7,  '2026-02-21 11:30:10', '2026-02-21 11:30:10', 3,  'USER', 'What does risk label mean?', 'help.risk_label', '{"channel":"widget","lang":"en","confidence":0.84}'::jsonb),
                                                                                                              (8,  '2026-02-21 11:30:12', '2026-02-21 11:30:12', 3,  'BOT',  'It summarizes content safety checks (LOW/MEDIUM/HIGH) and moderation status.', 'help.risk_label', '{"channel":"widget","lang":"en","confidence":0.84}'::jsonb),
                                                                                                              (9,  '2026-02-21 16:00:10', '2026-02-21 16:00:10', 4,  'USER', 'Can I contact the company directly?', 'help.messaging', '{"channel":"widget","lang":"en","confidence":0.79}'::jsonb),
                                                                                                              (10, '2026-02-21 16:00:12', '2026-02-21 16:00:12', 4,  'BOT',  'Use the platform chat inside the offer conversation to keep everything tracked.', 'help.messaging', '{"channel":"widget","lang":"en","confidence":0.79}'::jsonb),
                                                                                                              (11, '2026-02-22 09:15:10', '2026-02-22 09:15:10', 5,  'USER', 'Как поменять индустрию компании?', 'help.company_industry', '{"channel":"widget","lang":"ru","confidence":0.87}'::jsonb),
                                                                                                              (12, '2026-02-22 09:15:12', '2026-02-22 09:15:12', 5,  'BOT',  'Откройте профиль компании и выберите новую индустрию, затем сохраните изменения.', 'help.company_industry', '{"channel":"widget","lang":"ru","confidence":0.87,"actions":[{"type":"navigate","to":"/company/profile"}]}'::jsonb),
                                                                                                              (13, '2026-02-22 13:40:10', '2026-02-22 13:40:10', 6,  'USER', 'How is engagement rate calculated?', 'help.metrics', '{"channel":"widget","lang":"en","confidence":0.82}'::jsonb),
                                                                                                              (14, '2026-02-22 13:40:12', '2026-02-22 13:40:12', 6,  'BOT',  'Typically it is interactions divided by reach/views; exact formula may differ by platform.', 'help.metrics', '{"channel":"widget","lang":"en","confidence":0.82}'::jsonb),
                                                                                                              (15, '2026-02-23 12:00:10', '2026-02-23 12:00:10', 7,  'USER', 'Do you support KZT budgets?', 'help.currency', '{"channel":"widget","lang":"en","confidence":0.83}'::jsonb);

SELECT setval(pg_get_serial_sequence('categories','id'), (SELECT COALESCE(MAX(id), 1) FROM categories), true);
SELECT setval(pg_get_serial_sequence('countries','id'), (SELECT COALESCE(MAX(id), 1) FROM countries), true);
SELECT setval(pg_get_serial_sequence('industries','id'), (SELECT COALESCE(MAX(id), 1) FROM industries), true);
SELECT setval(pg_get_serial_sequence('users','id'), (SELECT COALESCE(MAX(id), 1) FROM users), true);
SELECT setval(pg_get_serial_sequence('company_profiles','id'), (SELECT COALESCE(MAX(id), 1) FROM company_profiles), true);
SELECT setval(pg_get_serial_sequence('creator_profiles','id'), (SELECT COALESCE(MAX(id), 1) FROM creator_profiles), true);
SELECT setval(pg_get_serial_sequence('creator_platforms','id'), (SELECT COALESCE(MAX(id), 1) FROM creator_platforms), true);
SELECT setval(pg_get_serial_sequence('creator_audience_age','id'), (SELECT COALESCE(MAX(id), 1) FROM creator_audience_age), true);
SELECT setval(pg_get_serial_sequence('creator_audience_geo','id'), (SELECT COALESCE(MAX(id), 1) FROM creator_audience_geo), true);
SELECT setval(pg_get_serial_sequence('company_preferred_categories','id'), (SELECT COALESCE(MAX(id), 1) FROM company_preferred_categories), true);
SELECT setval(pg_get_serial_sequence('offers','id'), (SELECT COALESCE(MAX(id), 1) FROM offers), true);
SELECT setval(pg_get_serial_sequence('offer_risk_analysis','id'), (SELECT COALESCE(MAX(id), 1) FROM offer_risk_analysis), true);
SELECT setval(pg_get_serial_sequence('offer_target_countries','id'), (SELECT COALESCE(MAX(id), 1) FROM offer_target_countries), true);
SELECT setval(pg_get_serial_sequence('conversations','id'), (SELECT COALESCE(MAX(id), 1) FROM conversations), true);
SELECT setval(pg_get_serial_sequence('conversation_participants','id'), (SELECT COALESCE(MAX(id), 1) FROM conversation_participants), true);
SELECT setval(pg_get_serial_sequence('messages','id'), (SELECT COALESCE(MAX(id), 1) FROM messages), true);
SELECT setval(pg_get_serial_sequence('message_attachments','id'), (SELECT COALESCE(MAX(id), 1) FROM message_attachments), true);
SELECT setval(pg_get_serial_sequence('match_results','id'), (SELECT COALESCE(MAX(id), 1) FROM match_results), true);
SELECT setval(pg_get_serial_sequence('email_confirmation_codes','id'), (SELECT COALESCE(MAX(id), 1) FROM email_confirmation_codes), true);
SELECT setval(pg_get_serial_sequence('chat_widget_session','id'), (SELECT COALESCE(MAX(id), 1) FROM chat_widget_session), true);
SELECT setval(pg_get_serial_sequence('chat_widget_messages','id'), (SELECT COALESCE(MAX(id), 1) FROM chat_widget_messages), true);